{
  "version": 1,
  "notes": "",
  "documentation": "\"This file is a QMK Configurator export. You can import this at <https://config.qmk.fm>. It can also be used directly with QMK's source code.\n\nTo setup your QMK environment check out the tutorial: <https://docs.qmk.fm/#/newbs>\n\nYou can convert this file to a keymap.c using this command: `qmk json2c {keymap}`\n\nYou can compile this keymap using this command: `qmk compile {keymap}`\"\n",
  "keyboard": "converter/ibmpc_usb/promicro",
  "keymap": "converter_ibmpc_usb_promicro_layout_terminal_mine",
  "layout": "LAYOUT_terminal",
  "layers": [
    [
      "KC_F13",
      "KC_F14",
      "KC_F15",
      "KC_F16",
      "KC_F17",
      "KC_F18",
      "KC_F19",
      "KC_F20",
      "KC_F21",
      "KC_F22",
      "KC_F23",
      "KC_F24",
      "KC_F1",
      "KC_F2",
      "KC_F3",
      "KC_F4",
      "KC_F5",
      "KC_F6",
      "KC_F7",
      "KC_F8",
      "KC_F9",
      "KC_F10",
      "KC_F11",
      "KC_F12",
      "KC_MUTE",
      "KC_INT4",
      "KC_GRV",
      "KC_1",
      "KC_2",
      "KC_3",
      "KC_4",
      "KC_5",
      "KC_6",
      "KC_7",
      "KC_8",
      "KC_9",
      "KC_0",
      "KC_MINS",
      "KC_EQL",
      "KC_INT3",
      "KC_BSPC",
      "KC_PSLS",
      "KC_PGUP",
      "KC_PGDN",
      "KC_ESC",
      "KC_NUM",
      "KC_SCRL",
      "KC_PAST",
      "KC_VOLU",
      "KC_PAUS",
      "KC_TAB",
      "KC_Q",
      "KC_W",
      "KC_E",
      "KC_R",
      "KC_T",
      "KC_Y",
      "KC_U",
      "KC_I",
      "KC_O",
      "KC_P",
      "KC_LBRC",
      "KC_RBRC",
      "KC_BSLS",
      "KC_END",
      "KC_INS",
      "KC_DEL",
      "KC_P7",
      "KC_P8",
      "KC_P9",
      "KC_PPLS",
      "KC_VOLD",
      "KC_INT5",
      "KC_CAPS",
      "KC_A",
      "KC_S",
      "KC_D",
      "KC_F",
      "KC_G",
      "KC_H",
      "KC_J",
      "KC_K",
      "KC_L",
      "KC_SCLN",
      "KC_QUOT",
      "KC_NUHS",
      "KC_ENT",
      "KC_UP",
      "KC_P4",
      "KC_P5",
      "KC_P6",
      "KC_PMNS",
      "KC_PSCR",
      "KC_APP",
      "KC_LSFT",
      "KC_NUBS",
      "KC_Z",
      "KC_X",
      "KC_C",
      "KC_V",
      "KC_B",
      "KC_N",
      "KC_M",
      "KC_COMM",
      "KC_DOT",
      "KC_SLSH",
      "KC_INT1",
      "KC_RSFT",
      "KC_LEFT",
      "KC_HOME",
      "KC_RGHT",
      "KC_P1",
      "KC_P2",
      "KC_P3",
      "KC_PENT",
      "KC_LGUI",
      "KC_RGUI",
      "KC_LCTL",
      "KC_LALT",
      "KC_SPC",
      "KC_INT2",
      "KC_RALT",
      "KC_RCTL",
      "KC_DOWN",
      "KC_PCMM",
      "KC_P0",
      "KC_PDOT",
      "KC_PEQL"
    ]
  ],
  "author": ""
}